{
    "1": {
        "code": "GALR210214",
        "name": "Gale Reef",
        "length": "4 nights/5 days",
        "start": "2021-02-14T08:00:00Z",
        "resort": "Emerald Bay, 3 stars",
        "perPerson": "799.00",
        "image": "reef1.jpg",
        "description": "Gale Reef sed et augue"
    },
    "2": {
        "code": "DAWR210315",
        "name": "Dawson's Reef",
        "length": "4 nights / 5 days",
        "start": "2021-03-15T08:00:00Z",
        "resort": "Blue Lagoon, 4 Stars",
        "perPerson": "1199.00",
        "image": "reef2.jpg",
        "description": "Dawson's Reef sed et augue"
    },
    "3": {
        "code": "CLAR210621",
        "name": "Claire's Reef",
        "length": "4 nights / 5 days",
        "start": "2021-06-21T08:00:00Z",
        "resort": "Coral Sands, 5 stars",
        "perPerson": "1999.00",
        "image": "reef3.jpg",
        "description": "Claire's Reef Reef sed et augue"
    }
}
